Workbook

Sheet 1.RawData
A1: Grabbed data using yfinance in Python
A2: yfinance is a module that grabs YahooFinance | H2: The idea here is to use the indicator for day of month to create the various variables
A3: data. | H3: The "Data" sheet contains the pivot table that sums up all the data for the corresponding columns
A4: First N Days of Month | B4: 15
A5: First M Days of Month | B5: 5 | H5: We'll make the assumption that managers that need some amount of time to rebalance: last 5 days of month (hence the first 15 are for the observation period)
A6: Refresh Pivot Table on Sheet #2 if you change these numbers
A8: MonthYr | B8: Price | C8: SPY | D8: TLT | E8: Day of Month | F8: SPY Ret | G8: TLT Ret | H8: ="First "&B4&" Days" -> First 15 Days | I8: Last Days of Month | J8: First 5 Days | K8: SPY Last 5 Days | L8: TLT Last 5 Days | M8: SPY First 5 Days | N8: TLT First 5 Days | O8: SPY - TLT First 15 Days | P8: SPY-TLT Last 5 Days | Q8: SPY-TLT First 5 Days
A9: =DATE(YEAR(B9),MONTH(B9),1) -> 37438 | B9: 37467 | C9: 59.341793 | D9: 37.326031 | E9: 19
A10: =DATE(YEAR(B10),MONTH(B10),1) -> 37438 | B10: 37468 | C10: 59.485374 | D10: 37.788509 | E10: 20 | F10: =LN(C10/C9) -> 0.0024166437 | G10: =LN(D10/D9) -> 0.012314113 | H10: =IF(E10<=$B$4,1,0) -> 0 | I10: =IF(E10>$B$4,1,0) -> 1 | J10: =IF(E10<=$B$5,1,0) -> 0 | K10: =I10*F10 -> 0.0024166437 | L10: =I10*G10 -> 0.012314113 | M10: =F10*J10 -> 0 | N10: =G10*J10 -> 0 | O10: =(F10-G10)*H10 -> 0 | P10: =(F10-G10)*I10 -> -0.0098974697 | Q10: =(F10-G10)*J10 -> 0
A11: =DATE(YEAR(B11),MONTH(B11),1) -> 37469 | B11: 37469 | C11: 57.932308 | D11: 38.003716 | E11: =IF(MONTH(B11)<>MONTH(B10),1,E10+1) -> 1 | F11: =LN(C11/C10) -> -0.026455246 | G11: =LN(D11/D10) -> 0.0056788602 | H11: =IF(E11<=$B$4,1,0) -> 1 | I11: =IF(E11>$B$4,1,0) -> 0 | J11: =IF(E11<=$B$5,1,0) -> 1 | K11: =I11*F11 -> 0 | L11: =I11*G11 -> 0 | M11: =F11*J11 -> -0.026455246 | N11: =G11*J11 -> 0.0056788602 | O11: =(F11-G11)*H11 -> -0.032134106 | P11: =(F11-G11)*I11 -> 0 | Q11: =(F11-G11)*J11 -> -0.032134106
A12: =DATE(YEAR(B12),MONTH(B12),1) -> 37469 | B12: 37470 | C12: 56.633774 | D12: 38.39291 | E12: =IF(MONTH(B12)<>MONTH(B11),1,E11+1) -> 2 | F12: =LN(C12/C11) -> -0.022669711 | G12: =LN(D12/D11) -> 0.010188876 | H12: =IF(E12<=$B$4,1,0) -> 1 | I12: =IF(E12>$B$4,1,0) -> 0 | J12: =IF(E12<=$B$5,1,0) -> 1 | K12: =I12*F12 -> 0 | L12: =I12*G12 -> 0 | M12: =F12*J12 -> -0.022669711 | N12: =G12*J12 -> 0.010188876 | O12: =(F12-G12)*H12 -> -0.032858587 | P12: =(F12-G12)*I12 -> 0 | Q12: =(F12-G12)*J12 -> -0.032858587
A13: =DATE(YEAR(B13),MONTH(B13),1) -> 37469 | B13: 37473 | C13: 54.663094 | D13: 38.562279 | E13: =IF(MONTH(B13)<>MONTH(B12),1,E12+1) -> 3 | F13: =LN(C13/C12) -> -0.035416742 | G13: =LN(D13/D12) -> 0.0044017569 | H13: =IF(E13<=$B$4,1,0) -> 1 | I13: =IF(E13>$B$4,1,0) -> 0 | J13: =IF(E13<=$B$5,1,0) -> 1 | K13: =I13*F13 -> 0 | L13: =I13*G13 -> 0 | M13: =F13*J13 -> -0.035416742 | N13: =G13*J13 -> 0.0044017569 | O13: =(F13-G13)*H13 -> -0.039818499 | P13: =(F13-G13)*I13 -> 0 | Q13: =(F13-G13)*J13 -> -0.039818499
A14: =DATE(YEAR(B14),MONTH(B14),1) -> 37469 | B14: 37474 | C14: 56.503258 | D14: 38.232632 | E14: =IF(MONTH(B14)<>MONTH(B13),1,E13+1) -> 4 | F14: =LN(C14/C13) -> 0.03310952 | G14: =LN(D14/D13) -> -0.0085851806 | H14: =IF(E14<=$B$4,1,0) -> 1 | I14: =IF(E14>$B$4,1,0) -> 0 | J14: =IF(E14<=$B$5,1,0) -> 1 | K14: =I14*F14 -> 0 | L14: =I14*G14 -> 0 | M14: =F14*J14 -> 0.03310952 | N14: =G14*J14 -> -0.0085851806 | O14: =(F14-G14)*H14 -> 0.041694701 | P14: =(F14-G14)*I14 -> 0 | Q14: =(F14-G14)*J14 -> 0.041694701
A15: =DATE(YEAR(B15),MONTH(B15),1) -> 37469 | B15: 37475 | C15: 57.488617 | D15: 38.324181 | E15: =IF(MONTH(B15)<>MONTH(B14),1,E14+1) -> 5 | F15: =LN(C15/C14) -> 0.017288666 | G15: =LN(D15/D14) -> 0.0023916608 | H15: =IF(E15<=$B$4,1,0) -> 1 | I15: =IF(E15>$B$4,1,0) -> 0 | J15: =IF(E15<=$B$5,1,0) -> 1 | K15: =I15*F15 -> 0 | L15: =I15*G15 -> 0 | M15: =F15*J15 -> 0.017288666 | N15: =G15*J15 -> 0.0023916608 | O15: =(F15-G15)*H15 -> 0.014897005 | P15: =(F15-G15)*I15 -> 0 | Q15: =(F15-G15)*J15 -> 0.014897005
A16: =DATE(YEAR(B16),MONTH(B16),1) -> 37469 | B16: 37476 | C16: 59.348335 | D16: 38.324181 | E16: =IF(MONTH(B16)<>MONTH(B15),1,E15+1) -> 6 | F16: =LN(C16/C15) -> 0.031837109 | G16: =LN(D16/D15) -> 0 | H16: =IF(E16<=$B$4,1,0) -> 1 | I16: =IF(E16>$B$4,1,0) -> 0 | J16: =IF(E16<=$B$5,1,0) -> 0 | K16: =I16*F16 -> 0 | L16: =I16*G16 -> 0 | M16: =F16*J16 -> 0 | N16: =G16*J16 -> 0 | O16: =(F16-G16)*H16 -> 0.031837109 | P16: =(F16-G16)*I16 -> 0 | Q16: =(F16-G16)*J16 -> 0
A17: =DATE(YEAR(B17),MONTH(B17),1) -> 37469 | B17: 37477 | C17: 59.570198 | D17: 38.864498 | E17: =IF(MONTH(B17)<>MONTH(B16),1,E16+1) -> 7 | F17: =LN(C17/C16) -> 0.0037313452 | G17: =LN(D17/D16) -> 0.014000145 | H17: =IF(E17<=$B$4,1,0) -> 1 | I17: =IF(E17>$B$4,1,0) -> 0 | J17: =IF(E17<=$B$5,1,0) -> 0 | K17: =I17*F17 -> 0 | L17: =I17*G17 -> 0 | M17: =F17*J17 -> 0 | N17: =G17*J17 -> 0 | O17: =(F17-G17)*H17 -> -0.0102688 | P17: =(F17-G17)*I17 -> 0 | Q17: =(F17-G17)*J17 -> 0
A18: =DATE(YEAR(B18),MONTH(B18),1) -> 37469 | B18: 37480 | C18: 59.132996 | D18: 39.102615 | E18: =IF(MONTH(B18)<>MONTH(B17),1,E17+1) -> 8 | F18: =LN(C18/C17) -> -0.0073663466 | G18: =LN(D18/D17) -> 0.006108164 | H18: =IF(E18<=$B$4,1,0) -> 1 | I18: =IF(E18>$B$4,1,0) -> 0 | J18: =IF(E18<=$B$5,1,0) -> 0 | K18: =I18*F18 -> 0 | L18: =I18*G18 -> 0 | M18: =F18*J18 -> 0 | N18: =G18*J18 -> 0 | O18: =(F18-G18)*H18 -> -0.013474511 | P18: =(F18-G18)*I18 -> 0 | Q18: =(F18-G18)*J18 -> 0
A19: =DATE(YEAR(B19),MONTH(B19),1) -> 37469 | B19: 37481 | C19: 58.056328 | D19: 39.583366 | E19: =IF(MONTH(B19)<>MONTH(B18),1,E18+1) -> 9 | F19: =LN(C19/C18) -> -0.018375361 | G19: =LN(D19/D18) -> 0.012219636 | H19: =IF(E19<=$B$4,1,0) -> 1 | I19: =IF(E19>$B$4,1,0) -> 0 | J19: =IF(E19<=$B$5,1,0) -> 0 | K19: =I19*F19 -> 0 | L19: =I19*G19 -> 0 | M19: =F19*J19 -> 0 | N19: =G19*J19 -> 0 | O19: =(F19-G19)*H19 -> -0.030594997 | P19: =(F19-G19)*I19 -> 0 | Q19: =(F19-G19)*J19 -> 0
A20: =DATE(YEAR(B20),MONTH(B20),1) -> 37469 | B20: 37482 | C20: 60.177082 | D20: 39.734467 | E20: =IF(MONTH(B20)<>MONTH(B19),1,E19+1) -> 10 | F20: =LN(C20/C19) -> 0.035877875 | G20: =LN(D20/D19) -> 0.0038099967 | H20: =IF(E20<=$B$4,1,0) -> 1 | I20: =IF(E20>$B$4,1,0) -> 0 | J20: =IF(E20<=$B$5,1,0) -> 0 | K20: =I20*F20 -> 0 | L20: =I20*G20 -> 0 | M20: =F20*J20 -> 0 | N20: =G20*J20 -> 0 | O20: =(F20-G20)*H20 -> 0.032067878 | P20: =(F20-G20)*I20 -> 0 | Q20: =(F20-G20)*J20 -> 0
A21: =DATE(YEAR(B21),MONTH(B21),1) -> 37469 | B21: 37483 | C21: 61.012306 | D21: 39.38652 | E21: =IF(MONTH(B21)<>MONTH(B20),1,E20+1) -> 11 | F21: =LN(C21/C20) -> 0.013784002 | G21: =LN(D21/D20) -> -0.0087953506 | H21: =IF(E21<=$B$4,1,0) -> 1 | I21: =IF(E21>$B$4,1,0) -> 0 | J21: =IF(E21<=$B$5,1,0) -> 0 | K21: =I21*F21 -> 0 | L21: =I21*G21 -> 0 | M21: =F21*J21 -> 0 | N21: =G21*J21 -> 0 | O21: =(F21-G21)*H21 -> 0.022579352 | P21: =(F21-G21)*I21 -> 0 | Q21: =(F21-G21)*J21 -> 0
A22: =DATE(YEAR(B22),MONTH(B22),1) -> 37469 | B22: 37484 | C22: 60.829605 | D22: 38.946945 | E22: =IF(MONTH(B22)<>MONTH(B21),1,E21+1) -> 12 | F22: =LN(C22/C21) -> -0.0029989885 | G22: =LN(D22/D21) -> -0.011223295 | H22: =IF(E22<=$B$4,1,0) -> 1 | I22: =IF(E22>$B$4,1,0) -> 0 | J22: =IF(E22<=$B$5,1,0) -> 0 | K22: =I22*F22 -> 0 | L22: =I22*G22 -> 0 | M22: =F22*J22 -> 0 | N22: =G22*J22 -> 0 | O22: =(F22-G22)*H22 -> 0.0082243068 | P22: =(F22-G22)*I22 -> 0 | Q22: =(F22-G22)*J22 -> 0
... A5811: =DATE(YEAR(B5811),MONTH(B5811),1) -> 45870 | B5811: 45889 | C5811: 638.10999 | D5811: 86.839996 | E5811: =IF(MONTH(B5811)<>MONTH(B5810),1,E5810+1) -> 14 | F5811: =LN(C5811/C5810) -> -0.0026605941 | G5811: =LN(D5811/D5810) -> 0.0021902691 | H5811: =IF(E5811<=$B$4,1,0) -> 1 | I5811: =IF(E5811>$B$4,1,0) -> 0 | J5811: =IF(E5811<=$B$5,1,0) -> 0 | K5811: =I5811*F5811 -> 0 | L5811: =I5811*G5811 -> 0 | M5811: =F5811*J5811 -> 0 | N5811: =G5811*J5811 -> 0 | O5811: =(F5811-G5811)*H5811 -> -0.0048508632 | P5811: =(F5811-G5811)*I5811 -> 0 | Q5811: =(F5811-G5811)*J5811 -> 0

Sheet Backtest_Full
K1: Questions | L1: 1. Does Logic make sense for columns L to T?
L2: 2. Plot out the cumulative P&Ls in columns V to AD for the individual components
L3: 3. Also plot ou cumulative P&Ls in columns AF and AG to compare the strategy vs SPY.
L5: PL | V5: Cumulative PL
L6: End of Month SPY | N6: End of Month TLT | Q6: Start of Month SPY | S6: Start of Month SPY | V6: End of Month SPY | X6: End of Month TLT | AA6: Start of Month SPY | AC6: Start of Month SPY
A7: =Data!A3 -> Row Labels | B7: =Data!B3 -> Sum of SPY Ret | C7: =Data!C3 -> Sum of SPY - TLT First 15 Days | D7: =Data!F3 -> Sum of SPY Last 5 Days | E7: =Data!G3 -> Sum of TLT Last 5 Days | F7: =Data!H3 -> Sum of SPY First 5 Days | G7: =Data!I3 -> Sum of TLT First 5 Days | I7: Signal for Month End | J7: Signal for Month Start | L7: Long SPY | M7: Short SPY | N7: Short TLT | O7: Long TLT | Q7: Long SPY | R7: Short SPY | S7: Short TLT | T7: Long TLT | V7: Long SPY | W7: Short SPY | X7: Short TLT | Y7: Long TLT | AA7: Long SPY | AB7: Short SPY | AC7: Short TLT | AD7: Long TLT | AF7: Total PL | AG7: SPY Return | AK7: Strategy | AL7: SPY
A8: =Data!A5 -> 37469 | B8: =Data!B5 -> 0.0067786154 | C8: =Data!C5 -> 0.010151053 | D8: =Data!F5 -> -0.042345772 | E8: =Data!G5 -> 0.014691653 | F8: =Data!H5 -> -0.034143513 | G8: =Data!I5 -> 0.014075973 | I8: =IF(C8>0,-1,1) -> -1 | J8: 0 | L8: =IF(I8=1,D8,0) -> 0 | M8: =IF(I8=-1,-D8,0) -> 0.042345772 | N8: =IF(I8=1,-E8,0) -> 0 | O8: =IF(I8=-1,E8,0) -> 0.014691653 | Q8: =IF(J8=1,F8,0) -> 0 | R8: =IF(J8=-1,-F8,0) -> 0 | S8: =IF(J8=1,-G8,0) -> 0 | T8: =IF(J8=-1,G8,0) -> 0 | V8: =L8 -> 0 | W8: =M8 -> 0.042345772 | X8: =N8 -> 0 | Y8: =O8 -> 0.014691653 | AA8: =Q8 -> 0 | AB8: =R8 -> 0 | AC8: =S8 -> 0 | AD8: =T8 -> 0 | AF8: =SUM(L8:T8) -> 0.057037425 | AG8: =B8 -> 0.0067786154 | AJ8: Return | AK8: {=AVERAGE(AF9:AF284-AF8:AF283)*12} -> 0.16666524 | AL8: {=AVERAGE(AG9:AG284-AG8:AG283)*12} -> 0.10286963 | AN8: On Monthlies hence, the x 12 and x sqrt(12) on return and stdev
A9: =Data!A6 -> 37500 | B9: =Data!B6 -> -0.11076677 | C9: =Data!C6 -> -0.12654671 | D9: =Data!F6 -> -0.022605264 | E9: =Data!G6 -> 0.0033248631 | F9: =Data!H6 -> -0.012278931 | G9: =Data!I6 -> 0.007159807 | I9: =IF(C9>0,-1,1) -> 1 | J9: =IF(C8>0,1,-1) -> 1 | L9: =IF(I9=1,D9,0) -> -0.022605264 | M9: =IF(I9=-1,-D9,0) -> 0 | N9: =IF(I9=1,-E9,0) -> -0.0033248631 | O9: =IF(I9=-1,E9,0) -> 0 | Q9: =IF(J9=1,F9,0) -> -0.012278931 | R9: =IF(J9=-1,-F9,0) -> 0 | S9: =IF(J9=1,-G9,0) -> -0.007159807 | T9: =IF(J9=-1,G9,0) -> 0 | V9: =L9+V8 -> -0.022605264 | W9: =M9+W8 -> 0.042345772 | X9: =N9+X8 -> -0.0033248631 | Y9: =O9+Y8 -> 0.014691653 | AA9: =Q9+AA8 -> -0.012278931 | AB9: =R9+AB8 -> 0 | AC9: =S9+AC8 -> -0.007159807 | AD9: =T9+AD8 -> 0 | AF9: =SUM(L9:T9)+AF8 -> 0.011668561 | AG9: =B9+AG8 -> -0.10398816 | AJ9: Stdev | AK9: {=STDEV(AF9:AF284-AF8:AF283)*SQRT(12)} -> 0.18010863 | AL9: {=STDEV(AG9:AG284-AG8:AG283)*SQRT(12)} -> 0.14886667
A10: =Data!A7 -> 37530 | B10: =Data!B7 -> 0.079072556 | C10: =Data!C7 -> 0.16075989 | D10: =Data!F7 -> -0.018468757 | E10: =Data!G7 -> 0.025574893 | F10: =Data!H7 -> -0.033063529 | G10: =Data!I7 -> -0.0044185293 | I10: =IF(C10>0,-1,1) -> -1 | J10: =IF(C9>0,1,-1) -> -1 | L10: =IF(I10=1,D10,0) -> 0 | M10: =IF(I10=-1,-D10,0) -> 0.018468757 | N10: =IF(I10=1,-E10,0) -> 0 | O10: =IF(I10=-1,E10,0) -> 0.025574893 | Q10: =IF(J10=1,F10,0) -> 0 | R10: =IF(J10=-1,-F10,0) -> 0.033063529 | S10: =IF(J10=1,-G10,0) -> 0 | T10: =IF(J10=-1,G10,0) -> -0.0044185293 | V10: =L10+V9 -> -0.022605264 | W10: =M10+W9 -> 0.06081453 | X10: =N10+X9 -> -0.0033248631 | Y10: =O10+Y9 -> 0.040266545 | AA10: =Q10+AA9 -> -0.012278931 | AB10: =R10+AB9 -> 0.033063529 | AC10: =S10+AC9 -> -0.007159807 | AD10: =T10+AD9 -> -0.0044185293 | AF10: =SUM(L10:T10)+AF9 -> 0.08435721 | AG10: =B10+AG9 -> -0.0249156 | AJ10: SR | AK10: =AK8/AK9 -> 0.92535956 | AL10: =AL8/AL9 -> 0.69101856
A11: =Data!A8 -> 37561 | B11: =Data!B8 -> 0.059854093 | C11: =Data!C8 -> 0.063586581 | D11: =Data!F8 -> -0.0011693547 | E11: =Data!G8 -> -0.0066405285 | F11: =Data!H8 -> 0.02499082 | G11: =Data!I8 -> 0.01595944 | I11: =IF(C11>0,-1,1) -> -1 | J11: =IF(C10>0,1,-1) -> 1 | L11: =IF(I11=1,D11,0) -> 0 | M11: =IF(I11=-1,-D11,0) -> 0.0011693547 | N11: =IF(I11=1,-E11,0) -> 0 | O11: =IF(I11=-1,E11,0) -> -0.0066405285 | Q11: =IF(J11=1,F11,0) -> 0.02499082 | R11: =IF(J11=-1,-F11,0) -> 0 | S11: =IF(J11=1,-G11,0) -> -0.01595944 | T11: =IF(J11=-1,G11,0) -> 0 | V11: =L11+V10 -> -0.022605264 | W11: =M11+W10 -> 0.061983884 | X11: =N11+X10 -> -0.0033248631 | Y11: =O11+Y10 -> 0.033626017 | AA11: =Q11+AA10 -> 0.01271189 | AB11: =R11+AB10 -> 0.033063529 | AC11: =S11+AC10 -> -0.023119247 | AD11: =T11+AD10 -> -0.0044185293 | AF11: =SUM(L11:T11)+AF10 -> 0.087917416 | AG11: =B11+AG10 -> 0.034938493
A12: =Data!A9 -> 37591 | B12: =Data!B9 -> -0.058232529 | C12: =Data!C9 -> -0.064204942 | D12: =Data!F9 -> -0.019751413 | E12: =Data!G9 -> 0.018537161 | F12: =Data!H9 -> -0.020967368 | G12: =Data!I9 -> 0.01177849 | I12: =IF(C12>0,-1,1) -> 1 | J12: =IF(C11>0,1,-1) -> 1 | L12: =IF(I12=1,D12,0) -> -0.019751413 | M12: =IF(I12=-1,-D12,0) -> 0 | N12: =IF(I12=1,-E12,0) -> -0.018537161 | O12: =IF(I12=-1,E12,0) -> 0 | Q12: =IF(J12=1,F12,0) -> -0.020967368 | R12: =IF(J12=-1,-F12,0) -> 0 | S12: =IF(J12=1,-G12,0) -> -0.01177849 | T12: =IF(J12=-1,G12,0) -> 0 | V12: =L12+V11 -> -0.042356676 | W12: =M12+W11 -> 0.061983884 | X12: =N12+X11 -> -0.021862024 | Y12: =O12+Y11 -> 0.033626017 | AA12: =Q12+AA11 -> -0.0082554785 | AB12: =R12+AB11 -> 0.033063529 | AC12: =S12+AC11 -> -0.034897738 | AD12: =T12+AD11 -> -0.0044185293 | AF12: =SUM(L12:T12)+AF11 -> 0.016882983 | AG12: =B12+AG11 -> -0.023294037
A13: =Data!A10 -> 37622 | B13: =Data!B10 -> -0.024902966 | C13: =Data!C10 -> 0.018151719 | D13: =Data!F10 -> -0.030328306 | E13: =Data!G10 -> 0.0069506101 | F13: =Data!H10 -> 0.035188718 | G13: =Data!I10 -> -0.018000451 | I13: =IF(C13>0,-1,1) -> -1 | J13: =IF(C12>0,1,-1) -> -1 | L13: =IF(I13=1,D13,0) -> 0 | M13: =IF(I13=-1,-D13,0) -> 0.030328306 | N13: =IF(I13=1,-E13,0) -> 0 | O13: =IF(I13=-1,E13,0) -> 0.0069506101 | Q13: =IF(J13=1,F13,0) -> 0 | R13: =IF(J13=-1,-F13,0) -> -0.035188718 | S13: =IF(J13=1,-G13,0) -> 0 | T13: =IF(J13=-1,G13,0) -> -0.018000451 | V13: =L13+V12 -> -0.042356676 | W13: =M13+W12 -> 0.09231219 | X13: =N13+X12 -> -0.021862024 | Y13: =O13+Y12 -> 0.040576627 | AA13: =Q13+AA12 -> -0.0082554785 | AB13: =R13+AB12 -> -0.002125189 | AC13: =S13+AC12 -> -0.034897738 | AD13: =T13+AD12 -> -0.022418981 | AF13: =SUM(L13:T13)+AF12 -> 0.00097273018 | AG13: =B13+AG12 -> -0.048197002
A14: =Data!A11 -> 37653 | B14: =Data!B11 -> -0.013570614 | C14: =Data!C11 -> -0.037582426 | D14: =Data!F11 -> 0.013040803 | E14: =Data!G11 -> 0.019532753 | F14: =Data!H11 -> -0.031156083 | G14: =Data!I11 -> 0.0075842027 | I14: =IF(C14>0,-1,1) -> 1 | J14: =IF(C13>0,1,-1) -> 1 | L14: =IF(I14=1,D14,0) -> 0.013040803 | M14: =IF(I14=-1,-D14,0) -> 0 | N14: =IF(I14=1,-E14,0) -> -0.019532753 | O14: =IF(I14=-1,E14,0) -> 0 | Q14: =IF(J14=1,F14,0) -> -0.031156083 | R14: =IF(J14=-1,-F14,0) -> 0 | S14: =IF(J14=1,-G14,0) -> -0.0075842027 | T14: =IF(J14=-1,G14,0) -> 0 | V14: =L14+V13 -> -0.029315873 | W14: =M14+W13 -> 0.09231219 | X14: =N14+X13 -> -0.041394778 | Y14: =O14+Y13 -> 0.040576627 | AA14: =Q14+AA13 -> -0.039411561 | AB14: =R14+AB13 -> -0.002125189 | AC14: =S14+AC13 -> -0.04248194 | AD14: =T14+AD13 -> -0.022418981 | AF14: =SUM(L14:T14)+AF13 -> -0.044259505 | AG14: =B14+AG13 -> -0.061767617
A15: =Data!A12 -> 37681 | B15: =Data!B12 -> 0.0021372549 | C15: =Data!C12 -> 0.10501108 | D15: =Data!F12 -> -0.056549706 | E15: =Data!G12 -> 0.032583379 | F15: =Data!H12 -> -0.018785635 | G15: =Data!I12 -> 0.0047606175 | I15: =IF(C15>0,-1,1) -> -1 | J15: =IF(C14>0,1,-1) -> -1 | L15: =IF(I15=1,D15,0) -> 0 | M15: =IF(I15=-1,-D15,0) -> 0.056549706 | N15: =IF(I15=1,-E15,0) -> 0 | O15: =IF(I15=-1,E15,0) -> 0.032583379 | Q15: =IF(J15=1,F15,0) -> 0 | R15: =IF(J15=-1,-F15,0) -> 0.018785635 | S15: =IF(J15=1,-G15,0) -> 0 | T15: =IF(J15=-1,G15,0) -> 0.0047606175 | V15: =L15+V14 -> -0.029315873 | W15: =M15+W14 -> 0.1488619 | X15: =N15+X14 -> -0.041394778 | Y15: =O15+Y14 -> 0.073160006 | AA15: =Q15+AA14 -> -0.039411561 | AB15: =R15+AB14 -> 0.016660446 | AC15: =S15+AC14 -> -0.04248194 | AD15: =T15+AD14 -> -0.017658363 | AF15: =SUM(L15:T15)+AF14 -> 0.068419833 | AG15: =B15+AG14 -> -0.059630362
A16: =Data!A13 -> 37712 | B16: =Data!B13 -> 0.081223226 | C16: =Data!C13 -> 0.083760679 | D16: =Data!F13 -> 0.00622148 | E16: =Data!G13 -> 0.019188037 | F16: =Data!H13 -> 0.038317598 | G16: =Data!I13 -> -0.019068062 | I16: =IF(C16>0,-1,1) -> -1 | J16: =IF(C15>0,1,-1) -> 1 | L16: =IF(I16=1,D16,0) -> 0 | M16: =IF(I16=-1,-D16,0) -> -0.00622148 | N16: =IF(I16=1,-E16,0) -> 0 | O16: =IF(I16=-1,E16,0) -> 0.019188037 | Q16: =IF(J16=1,F16,0) -> 0.038317598 | R16: =IF(J16=-1,-F16,0) -> 0 | S16: =IF(J16=1,-G16,0) -> 0.019068062 | T16: =IF(J16=-1,G16,0) -> 0 | V16: =L16+V15 -> -0.029315873 | W16: =M16+W15 -> 0.14264042 | X16: =N16+X15 -> -0.041394778 | Y16: =O16+Y15 -> 0.092348043 | AA16: =Q16+AA15 -> -0.0010939635 | AB16: =R16+AB15 -> 0.016660446 | AC16: =S16+AC15 -> -0.023413878 | AD16: =T16+AD15 -> -0.017658363 | AF16: =SUM(L16:T16)+AF15 -> 0.13877205 | AG16: =B16+AG15 -> 0.021592865
A17: =Data!A14 -> 37742 | B17: =Data!B14 -> 0.053384246 | C17: =Data!C14 -> -0.055054603 | D17: =Data!F14 -> 0.045364642 | E17: =Data!G14 -> -0.0017950654 | F17: =Data!H14 -> 0.015973428 | G17: =Data!I14 -> 0.014427038 | I17: =IF(C17>0,-1,1) -> 1 | J17: =IF(C16>0,1,-1) -> 1 | L17: =IF(I17=1,D17,0) -> 0.045364642 | M17: =IF(I17=-1,-D17,0) -> 0 | N17: =IF(I17=1,-E17,0) -> 0.0017950654 | O17: =IF(I17=-1,E17,0) -> 0 | Q17: =IF(J17=1,F17,0) -> 0.015973428 | R17: =IF(J17=-1,-F17,0) -> 0 | S17: =IF(J17=1,-G17,0) -> -0.014427038 | T17: =IF(J17=-1,G17,0) -> 0 | V17: =L17+V16 -> 0.016048769 | W17: =M17+W16 -> 0.14264042 | X17: =N17+X16 -> -0.039599712 | Y17: =O17+Y16 -> 0.092348043 | AA17: =Q17+AA16 -> 0.014879464 | AB17: =R17+AB16 -> 0.016660446 | AC17: =S17+AC16 -> -0.037840916 | AD17: =T17+AD16 -> -0.017658363 | AF17: =SUM(L17:T17)+AF16 -> 0.18747815 | AG17: =B17+AG16 -> 0.07497711
A18: =Data!A15 -> 37773 | B18: =Data!B15 -> 0.010596064 | C18: =Data!C15 -> 0.033775056 | D18: =Data!F15 -> -0.018369473 | E18: =Data!G15 -> -0.013423261 | F18: =Data!H15 -> 0.023548222 | G18: =Data!I15 -> -0.00065859765 | I18: =IF(C18>0,-1,1) -> -1 | J18: =IF(C17>0,1,-1) -> -1 | L18: =IF(I18=1,D18,0) -> 0 | M18: =IF(I18=-1,-D18,0) -> 0.018369473 | N18: =IF(I18=1,-E18,0) -> 0 | O18: =IF(I18=-1,E18,0) -> -0.013423261 | Q18: =IF(J18=1,F18,0) -> 0 | R18: =IF(J18=-1,-F18,0) -> -0.023548222 | S18: =IF(J18=1,-G18,0) -> 0 | T18: =IF(J18=-1,G18,0) -> -0.00065859765 | V18: =L18+V17 -> 0.016048769 | W18: =M18+W17 -> 0.16100989 | X18: =N18+X17 -> -0.039599712 | Y18: =O18+Y17 -> 0.078924783 | AA18: =Q18+AA17 -> 0.014879464 | AB18: =R18+AB17 -> -0.0068877759 | AC18: =S18+AC17 -> -0.037840916 | AD18: =T18+AD17 -> -0.018316961 | AF18: =SUM(L18:T18)+AF17 -> 0.16821754 | AG18: =B18+AG17 -> 0.085573174
A19: =Data!A16 -> 37803 | B19: =Data!B16 -> 0.01786674 | C19: =Data!C16 -> 0.08166958 | D19: =Data!F16 -> 0.0022163977 | E19: =Data!G16 -> -0.03912779 | F19: =Data!H16 -> 0.035419742 | G19: =Data!I16 -> -0.02246504 | I19: =IF(C19>0,-1,1) -> -1 | J19: =IF(C18>0,1,-1) -> 1 | L19: =IF(I19=1,D19,0) -> 0 | M19: =IF(I19=-1,-D19,0) -> -0.0022163977 | N19: =IF(I19=1,-E19,0) -> 0 | O19: =IF(I19=-1,E19,0) -> -0.03912779 | Q19: =IF(J19=1,F19,0) -> 0.035419742 | R19: =IF(J19=-1,-F19,0) -> 0 | S19: =IF(J19=1,-G19,0) -> 0.02246504 | T19: =IF(J19=-1,G19,0) -> 0 | V19: =L19+V18 -> 0.016048769 | W19: =M19+W18 -> 0.15879349 | X19: =N19+X18 -> -0.039599712 | Y19: =O19+Y18 -> 0.039796993 | AA19: =Q19+AA18 -> 0.050299206 | AB19: =R19+AB18 -> -0.0068877759 | AC19: =S19+AC18 -> -0.015375876 | AD19: =T19+AD18 -> -0.018316961 | AF19: =SUM(L19:T19)+AF18 -> 0.18475813 | AG19: =B19+AG18 -> 0.10343991
A20: =Data!A17 -> 37834 | B20: =Data!B17 -> 0.020415824 | C20: =Data!C17 -> 0.0086189234 | D20: =Data!F17 -> 0.0066266254 | E20: =Data!G17 -> 0.0078013613 | F20: =Data!H17 -> -0.014084042 | G20: =Data!I17 -> 0.01714618 | I20: =IF(C20>0,-1,1) -> -1 | J20: =IF(C19>0,1,-1) -> 1 | L20: =IF(I20=1,D20,0) -> 0 | M20: =IF(I20=-1,-D20,0) -> -0.0066266254 | N20: =IF(I20=1,-E20,0) -> 0 | O20: =IF(I20=-1,E20,0) -> 0.0078013613 | Q20: =IF(J20=1,F20,0) -> -0.014084042 | R20: =IF(J20=-1,-F20,0) -> 0 | S20: =IF(J20=1,-G20,0) -> -0.01714618 | T20: =IF(J20=-1,G20,0) -> 0 | V20: =L20+V19 -> 0.016048769 | W20: =M20+W19 -> 0.15216687 | X20: =N20+X19 -> -0.039599712 | Y20: =O20+Y19 -> 0.047598354 | AA20: =Q20+AA19 -> 0.036215164 | AB20: =R20+AB19 -> -0.0068877759 | AC20: =S20+AC19 -> -0.032522056 | AD20: =T20+AD19 -> -0.018316961 | AF20: =SUM(L20:T20)+AF19 -> 0.15470265 | AG20: =B20+AG19 -> 0.12385574
A21: =Data!A18 -> 37865 | B21: =Data!B18 -> -0.010966089 | C21: =Data!C18 -> -0.0051631716 | D21: =Data!F18 -> -0.025680352 | E21: =Data!G18 -> 0.037771206 | F21: =Data!H18 -> 0.021841665 | G21: =Data!I18 -> -0.00093762191 | I21: =IF(C21>0,-1,1) -> 1 | J21: =IF(C20>0,1,-1) -> 1 | L21: =IF(I21=1,D21,0) -> -0.025680352 | M21: =IF(I21=-1,-D21,0) -> 0 | N21: =IF(I21=1,-E21,0) -> -0.037771206 | O21: =IF(I21=-1,E21,0) -> 0 | Q21: =IF(J21=1,F21,0) -> 0.021841665 | R21: =IF(J21=-1,-F21,0) -> 0 | S21: =IF(J21=1,-G21,0) -> 0.00093762191 | T21: =IF(J21=-1,G21,0) -> 0 | V21: =L21+V20 -> -0.0096315836 | W21: =M21+W20 -> 0.15216687 | X21: =N21+X20 -> -0.077370918 | Y21: =O21+Y20 -> 0.047598354 | AA21: =Q21+AA20 -> 0.058056829 | AB21: =R21+AB20 -> -0.0068877759 | AC21: =S21+AC20 -> -0.031584434 | AD21: =T21+AD20 -> -0.018316961 | AF21: =SUM(L21:T21)+AF20 -> 0.11403038 | AG21: =B21+AG20 -> 0.11288965
A22: =Data!A19 -> 37895 | B22: =Data!B19 -> 0.05214414 | C22: =Data!C19 -> 0.091258811 | D22: =Data!F19 -> 0.0041874735 | E22: =Data!G19 -> 0.012520683 | F22: =Data!H19 -> 0.042218119 | G22: =Data!I19 -> -0.036904122 | I22: =IF(C22>0,-1,1) -> -1 | J22: =IF(C21>0,1,-1) -> -1 | L22: =IF(I22=1,D22,0) -> 0 | M22: =IF(I22=-1,-D22,0) -> -0.0041874735 | N22: =IF(I22=1,-E22,0) -> 0 | O22: =IF(I22=-1,E22,0) -> 0.012520683 | Q22: =IF(J22=1,F22,0) -> 0 | R22: =IF(J22=-1,-F22,0) -> -0.042218119 | S22: =IF(J22=1,-G22,0) -> 0 | T22: =IF(J22=-1,G22,0) -> -0.036904122 | V22: =L22+V21 -> -0.0096315836 | W22: =M22+W21 -> 0.14797939 | X22: =N22+X21 -> -0.077370918 | Y22: =O22+Y21 -> 0.060119037 | AA22: =Q22+AA21 -> 0.058056829 | AB22: =R22+AB21 -> -0.049105894 | AC22: =S22+AC21 -> -0.031584434 | AD22: =T22+AD21 -> -0.055221083 | AF22: =SUM(L22:T22)+AF21 -> 0.043241347 | AG22: =B22+AG21 -> 0.16503379
... A284: =Data!A281 -> 45870 | B284: =Data!B281 -> 0.0094946639 | C284: =Data!C281 -> 0.0066001118 | D284: =Data!F281 -> 0 | E284: =Data!G281 -> 0 | F284: =Data!H281 -> 0.0002688901 | G284: =Data!I281 -> 0.012406994 | I284: =IF(C284>0,-1,1) -> -1 | J284: =IF(C283>0,1,-1) -> 1 | L284: =IF(I284=1,D284,0) -> 0 | M284: =IF(I284=-1,-D284,0) -> 0 | N284: =IF(I284=1,-E284,0) -> 0 | O284: =IF(I284=-1,E284,0) -> 0 | Q284: =IF(J284=1,F284,0) -> 0.0002688901 | R284: =IF(J284=-1,-F284,0) -> 0 | S284: =IF(J284=1,-G284,0) -> -0.012406994 | T284: =IF(J284=-1,G284,0) -> 0 | V284: =L284+V283 -> 0.8843386 | W284: =M284+W283 -> 0.12899293 | X284: =N284+X283 -> -0.32601459 | Y284: =O284+Y283 -> 0.91288547 | AA284: =Q284+AA283 -> 0.92022989 | AB284: =R284+AB283 -> 0.088403404 | AC284: =S284+AC283 -> 1.0580779 | AD284: =T284+AD283 -> 0.22342446 | AF284: =SUM(L284:T284)+AF283 -> 3.890338 | AG284: =B284+AG283 -> 2.3727802

Sheet Backtest_No_Short_SPY
K1: Questions | L1: 1. Does Logic make sense for columns L to T?
L2: 2. Plot out the cumulative P&Ls in columns V to AD for the individual components
L3: 3. Also plot ou cumulative P&Ls in columns AF and AG to compare the strategy vs SPY.
L5: PL | V5: Cumulative PL
L6: End of Month SPY | N6: End of Month TLT | Q6: Start of Month SPY | S6: Start of Month SPY | V6: End of Month SPY | X6: End of Month TLT | AA6: Start of Month SPY | AC6: Start of Month SPY
A7: =Data!A3 -> Row Labels | B7: =Data!B3 -> Sum of SPY Ret | C7: =Data!C3 -> Sum of SPY - TLT First 15 Days | D7: =Data!F3 -> Sum of SPY Last 5 Days | E7: =Data!G3 -> Sum of TLT Last 5 Days | F7: =Data!H3 -> Sum of SPY First 5 Days | G7: =Data!I3 -> Sum of TLT First 5 Days | I7: Signal for Month End | J7: Signal for Month Start | L7: Long SPY | M7: Short SPY | N7: Short TLT | O7: Long TLT | Q7: Long SPY | R7: Short SPY | S7: Short TLT | T7: Long TLT | V7: Long SPY | W7: Short SPY | X7: Short TLT | Y7: Long TLT | AA7: Long SPY | AB7: Short SPY | AC7: Short TLT | AD7: Long TLT | AF7: Total PL | AG7: SPY Return | AK7: Strategy | AL7: SPY
A8: =Data!A5 -> 37469 | B8: =Data!B5 -> 0.0067786154 | C8: =Data!C5 -> 0.010151053 | D8: =Data!F5 -> -0.042345772 | E8: =Data!G5 -> 0.014691653 | F8: =Data!H5 -> -0.034143513 | G8: =Data!I5 -> 0.014075973 | I8: =IF(C8>0,-1,1) -> -1 | J8: 0 | L8: =IF(I8=1,D8,0) -> 0 | M8: =IF(I8=-1,-D8,0) -> 0.042345772 | N8: =IF(I8=1,-E8,0) -> 0 | O8: =IF(I8=-1,E8,0) -> 0.014691653 | Q8: =IF(J8=1,F8,0) -> 0 | S8: =IF(J8=1,-G8,0) -> 0 | T8: =IF(J8=-1,G8,0) -> 0 | V8: =L8 -> 0 | X8: =N8 -> 0 | Y8: =O8 -> 0.014691653 | AA8: =Q8 -> 0 | AB8: =R8 -> 0 | AC8: =S8 -> 0 | AD8: =T8 -> 0 | AF8: =SUM(L8:T8) -> 0.057037425 | AG8: =B8 -> 0.0067786154 | AJ8: Return | AK8: {=AVERAGE(AF9:AF284-AF8:AF283)*12} -> 0.16282162 | AL8: {=AVERAGE(AG9:AG284-AG8:AG283)*12} -> 0.10286963 | AN8: On Monthlies hence, the x 12 and x sqrt(12) on return and stdev
A9: =Data!A6 -> 37500 | B9: =Data!B6 -> -0.11076677 | C9: =Data!C6 -> -0.12654671 | D9: =Data!F6 -> -0.022605264 | E9: =Data!G6 -> 0.0033248631 | F9: =Data!H6 -> -0.012278931 | G9: =Data!I6 -> 0.007159807 | I9: =IF(C9>0,-1,1) -> 1 | J9: =IF(C8>0,1,-1) -> 1 | L9: =IF(I9=1,D9,0) -> -0.022605264 | M9: =IF(I9=-1,-D9,0) -> 0 | N9: =IF(I9=1,-E9,0) -> -0.0033248631 | O9: =IF(I9=-1,E9,0) -> 0 | Q9: =IF(J9=1,F9,0) -> -0.012278931 | S9: =IF(J9=1,-G9,0) -> -0.007159807 | T9: =IF(J9=-1,G9,0) -> 0 | V9: =L9+V8 -> -0.022605264 | X9: =N9+X8 -> -0.0033248631 | Y9: =O9+Y8 -> 0.014691653 | AA9: =Q9+AA8 -> -0.012278931 | AB9: =R9+AB8 -> 0 | AC9: =S9+AC8 -> -0.007159807 | AD9: =T9+AD8 -> 0 | AF9: =SUM(L9:T9)+AF8 -> 0.011668561 | AG9: =B9+AG8 -> -0.10398816 | AJ9: Stdev | AK9: {=STDEV(AF9:AF284-AF8:AF283)*SQRT(12)} -> 0.14948595 | AL9: {=STDEV(AG9:AG284-AG8:AG283)*SQRT(12)} -> 0.14886667
A10: =Data!A7 -> 37530 | B10: =Data!B7 -> 0.079072556 | C10: =Data!C7 -> 0.16075989 | D10: =Data!F7 -> -0.018468757 | E10: =Data!G7 -> 0.025574893 | F10: =Data!H7 -> -0.033063529 | G10: =Data!I7 -> -0.0044185293 | I10: =IF(C10>0,-1,1) -> -1 | J10: =IF(C9>0,1,-1) -> -1 | L10: =IF(I10=1,D10,0) -> 0 | M10: =IF(I10=-1,-D10,0) -> 0.018468757 | N10: =IF(I10=1,-E10,0) -> 0 | O10: =IF(I10=-1,E10,0) -> 0.025574893 | Q10: =IF(J10=1,F10,0) -> 0 | S10: =IF(J10=1,-G10,0) -> 0 | T10: =IF(J10=-1,G10,0) -> -0.0044185293 | V10: =L10+V9 -> -0.022605264 | X10: =N10+X9 -> -0.0033248631 | Y10: =O10+Y9 -> 0.040266545 | AA10: =Q10+AA9 -> -0.012278931 | AB10: =R10+AB9 -> 0 | AC10: =S10+AC9 -> -0.007159807 | AD10: =T10+AD9 -> -0.0044185293 | AF10: =SUM(L10:T10)+AF9 -> 0.051293681 | AG10: =B10+AG9 -> -0.0249156 | AJ10: SR | AK10: =AK8/AK9 -> 1.0892102 | AL10: =AL8/AL9 -> 0.69101856
A11: =Data!A8 -> 37561 | B11: =Data!B8 -> 0.059854093 | C11: =Data!C8 -> 0.063586581 | D11: =Data!F8 -> -0.0011693547 | E11: =Data!G8 -> -0.0066405285 | F11: =Data!H8 -> 0.02499082 | G11: =Data!I8 -> 0.01595944 | I11: =IF(C11>0,-1,1) -> -1 | J11: =IF(C10>0,1,-1) -> 1 | L11: =IF(I11=1,D11,0) -> 0 | M11: =IF(I11=-1,-D11,0) -> 0.0011693547 | N11: =IF(I11=1,-E11,0) -> 0 | O11: =IF(I11=-1,E11,0) -> -0.0066405285 | Q11: =IF(J11=1,F11,0) -> 0.02499082 | S11: =IF(J11=1,-G11,0) -> -0.01595944 | T11: =IF(J11=-1,G11,0) -> 0 | V11: =L11+V10 -> -0.022605264 | X11: =N11+X10 -> -0.0033248631 | Y11: =O11+Y10 -> 0.033626017 | AA11: =Q11+AA10 -> 0.01271189 | AB11: =R11+AB10 -> 0 | AC11: =S11+AC10 -> -0.023119247 | AD11: =T11+AD10 -> -0.0044185293 | AF11: =SUM(L11:T11)+AF10 -> 0.054853887 | AG11: =B11+AG10 -> 0.034938493
A12: =Data!A9 -> 37591 | B12: =Data!B9 -> -0.058232529 | C12: =Data!C9 -> -0.064204942 | D12: =Data!F9 -> -0.019751413 | E12: =Data!G9 -> 0.018537161 | F12: =Data!H9 -> -0.020967368 | G12: =Data!I9 -> 0.01177849 | I12: =IF(C12>0,-1,1) -> 1 | J12: =IF(C11>0,1,-1) -> 1 | L12: =IF(I12=1,D12,0) -> -0.019751413 | M12: =IF(I12=-1,-D12,0) -> 0 | N12: =IF(I12=1,-E12,0) -> -0.018537161 | O12: =IF(I12=-1,E12,0) -> 0 | Q12: =IF(J12=1,F12,0) -> -0.020967368 | S12: =IF(J12=1,-G12,0) -> -0.01177849 | T12: =IF(J12=-1,G12,0) -> 0 | V12: =L12+V11 -> -0.042356676 | X12: =N12+X11 -> -0.021862024 | Y12: =O12+Y11 -> 0.033626017 | AA12: =Q12+AA11 -> -0.0082554785 | AB12: =R12+AB11 -> 0 | AC12: =S12+AC11 -> -0.034897738 | AD12: =T12+AD11 -> -0.0044185293 | AF12: =SUM(L12:T12)+AF11 -> -0.016180545 | AG12: =B12+AG11 -> -0.023294037
A13: =Data!A10 -> 37622 | B13: =Data!B10 -> -0.024902966 | C13: =Data!C10 -> 0.018151719 | D13: =Data!F10 -> -0.030328306 | E13: =Data!G10 -> 0.0069506101 | F13: =Data!H10 -> 0.035188718 | G13: =Data!I10 -> -0.018000451 | I13: =IF(C13>0,-1,1) -> -1 | J13: =IF(C12>0,1,-1) -> -1 | L13: =IF(I13=1,D13,0) -> 0 | M13: =IF(I13=-1,-D13,0) -> 0.030328306 | N13: =IF(I13=1,-E13,0) -> 0 | O13: =IF(I13=-1,E13,0) -> 0.0069506101 | Q13: =IF(J13=1,F13,0) -> 0 | S13: =IF(J13=1,-G13,0) -> 0 | T13: =IF(J13=-1,G13,0) -> -0.018000451 | V13: =L13+V12 -> -0.042356676 | X13: =N13+X12 -> -0.021862024 | Y13: =O13+Y12 -> 0.040576627 | AA13: =Q13+AA12 -> -0.0082554785 | AB13: =R13+AB12 -> 0 | AC13: =S13+AC12 -> -0.034897738 | AD13: =T13+AD12 -> -0.022418981 | AF13: =SUM(L13:T13)+AF12 -> 0.0030979192 | AG13: =B13+AG12 -> -0.048197002
A14: =Data!A11 -> 37653 | B14: =Data!B11 -> -0.013570614 | C14: =Data!C11 -> -0.037582426 | D14: =Data!F11 -> 0.013040803 | E14: =Data!G11 -> 0.019532753 | F14: =Data!H11 -> -0.031156083 | G14: =Data!I11 -> 0.0075842027 | I14: =IF(C14>0,-1,1) -> 1 | J14: =IF(C13>0,1,-1) -> 1 | L14: =IF(I14=1,D14,0) -> 0.013040803 | M14: =IF(I14=-1,-D14,0) -> 0 | N14: =IF(I14=1,-E14,0) -> -0.019532753 | O14: =IF(I14=-1,E14,0) -> 0 | Q14: =IF(J14=1,F14,0) -> -0.031156083 | S14: =IF(J14=1,-G14,0) -> -0.0075842027 | T14: =IF(J14=-1,G14,0) -> 0 | V14: =L14+V13 -> -0.029315873 | X14: =N14+X13 -> -0.041394778 | Y14: =O14+Y13 -> 0.040576627 | AA14: =Q14+AA13 -> -0.039411561 | AB14: =R14+AB13 -> 0 | AC14: =S14+AC13 -> -0.04248194 | AD14: =T14+AD13 -> -0.022418981 | AF14: =SUM(L14:T14)+AF13 -> -0.042134316 | AG14: =B14+AG13 -> -0.061767617
A15: =Data!A12 -> 37681 | B15: =Data!B12 -> 0.0021372549 | C15: =Data!C12 -> 0.10501108 | D15: =Data!F12 -> -0.056549706 | E15: =Data!G12 -> 0.032583379 | F15: =Data!H12 -> -0.018785635 | G15: =Data!I12 -> 0.0047606175 | I15: =IF(C15>0,-1,1) -> -1 | J15: =IF(C14>0,1,-1) -> -1 | L15: =IF(I15=1,D15,0) -> 0 | M15: =IF(I15=-1,-D15,0) -> 0.056549706 | N15: =IF(I15=1,-E15,0) -> 0 | O15: =IF(I15=-1,E15,0) -> 0.032583379 | Q15: =IF(J15=1,F15,0) -> 0 | S15: =IF(J15=1,-G15,0) -> 0 | T15: =IF(J15=-1,G15,0) -> 0.0047606175 | V15: =L15+V14 -> -0.029315873 | X15: =N15+X14 -> -0.041394778 | Y15: =O15+Y14 -> 0.073160006 | AA15: =Q15+AA14 -> -0.039411561 | AB15: =R15+AB14 -> 0 | AC15: =S15+AC14 -> -0.04248194 | AD15: =T15+AD14 -> -0.017658363 | AF15: =SUM(L15:T15)+AF14 -> 0.051759387 | AG15: =B15+AG14 -> -0.059630362
A16: =Data!A13 -> 37712 | B16: =Data!B13 -> 0.081223226 | C16: =Data!C13 -> 0.083760679 | D16: =Data!F13 -> 0.00622148 | E16: =Data!G13 -> 0.019188037 | F16: =Data!H13 -> 0.038317598 | G16: =Data!I13 -> -0.019068062 | I16: =IF(C16>0,-1,1) -> -1 | J16: =IF(C15>0,1,-1) -> 1 | L16: =IF(I16=1,D16,0) -> 0 | M16: =IF(I16=-1,-D16,0) -> -0.00622148 | N16: =IF(I16=1,-E16,0) -> 0 | O16: =IF(I16=-1,E16,0) -> 0.019188037 | Q16: =IF(J16=1,F16,0) -> 0.038317598 | S16: =IF(J16=1,-G16,0) -> 0.019068062 | T16: =IF(J16=-1,G16,0) -> 0 | V16: =L16+V15 -> -0.029315873 | X16: =N16+X15 -> -0.041394778 | Y16: =O16+Y15 -> 0.092348043 | AA16: =Q16+AA15 -> -0.0010939635 | AB16: =R16+AB15 -> 0 | AC16: =S16+AC15 -> -0.023413878 | AD16: =T16+AD15 -> -0.017658363 | AF16: =SUM(L16:T16)+AF15 -> 0.1221116 | AG16: =B16+AG15 -> 0.021592865
A17: =Data!A14 -> 37742 | B17: =Data!B14 -> 0.053384246 | C17: =Data!C14 -> -0.055054603 | D17: =Data!F14 -> 0.045364642 | E17: =Data!G14 -> -0.0017950654 | F17: =Data!H14 -> 0.015973428 | G17: =Data!I14 -> 0.014427038 | I17: =IF(C17>0,-1,1) -> 1 | J17: =IF(C16>0,1,-1) -> 1 | L17: =IF(I17=1,D17,0) -> 0.045364642 | M17: =IF(I17=-1,-D17,0) -> 0 | N17: =IF(I17=1,-E17,0) -> 0.0017950654 | O17: =IF(I17=-1,E17,0) -> 0 | Q17: =IF(J17=1,F17,0) -> 0.015973428 | S17: =IF(J17=1,-G17,0) -> -0.014427038 | T17: =IF(J17=-1,G17,0) -> 0 | V17: =L17+V16 -> 0.016048769 | X17: =N17+X16 -> -0.039599712 | Y17: =O17+Y16 -> 0.092348043 | AA17: =Q17+AA16 -> 0.014879464 | AB17: =R17+AB16 -> 0 | AC17: =S17+AC16 -> -0.037840916 | AD17: =T17+AD16 -> -0.017658363 | AF17: =SUM(L17:T17)+AF16 -> 0.1708177 | AG17: =B17+AG16 -> 0.07497711
A18: =Data!A15 -> 37773 | B18: =Data!B15 -> 0.010596064 | C18: =Data!C15 -> 0.033775056 | D18: =Data!F15 -> -0.018369473 | E18: =Data!G15 -> -0.013423261 | F18: =Data!H15 -> 0.023548222 | G18: =Data!I15 -> -0.00065859765 | I18: =IF(C18>0,-1,1) -> -1 | J18: =IF(C17>0,1,-1) -> -1 | L18: =IF(I18=1,D18,0) -> 0 | M18: =IF(I18=-1,-D18,0) -> 0.018369473 | N18: =IF(I18=1,-E18,0) -> 0 | O18: =IF(I18=-1,E18,0) -> -0.013423261 | Q18: =IF(J18=1,F18,0) -> 0 | S18: =IF(J18=1,-G18,0) -> 0 | T18: =IF(J18=-1,G18,0) -> -0.00065859765 | V18: =L18+V17 -> 0.016048769 | X18: =N18+X17 -> -0.039599712 | Y18: =O18+Y17 -> 0.078924783 | AA18: =Q18+AA17 -> 0.014879464 | AB18: =R18+AB17 -> 0 | AC18: =S18+AC17 -> -0.037840916 | AD18: =T18+AD17 -> -0.018316961 | AF18: =SUM(L18:T18)+AF17 -> 0.17510532 | AG18: =B18+AG17 -> 0.085573174
A19: =Data!A16 -> 37803 | B19: =Data!B16 -> 0.01786674 | C19: =Data!C16 -> 0.08166958 | D19: =Data!F16 -> 0.0022163977 | E19: =Data!G16 -> -0.03912779 | F19: =Data!H16 -> 0.035419742 | G19: =Data!I16 -> -0.02246504 | I19: =IF(C19>0,-1,1) -> -1 | J19: =IF(C18>0,1,-1) -> 1 | L19: =IF(I19=1,D19,0) -> 0 | M19: =IF(I19=-1,-D19,0) -> -0.0022163977 | N19: =IF(I19=1,-E19,0) -> 0 | O19: =IF(I19=-1,E19,0) -> -0.03912779 | Q19: =IF(J19=1,F19,0) -> 0.035419742 | S19: =IF(J19=1,-G19,0) -> 0.02246504 | T19: =IF(J19=-1,G19,0) -> 0 | V19: =L19+V18 -> 0.016048769 | X19: =N19+X18 -> -0.039599712 | Y19: =O19+Y18 -> 0.039796993 | AA19: =Q19+AA18 -> 0.050299206 | AB19: =R19+AB18 -> 0 | AC19: =S19+AC18 -> -0.015375876 | AD19: =T19+AD18 -> -0.018316961 | AF19: =SUM(L19:T19)+AF18 -> 0.19164591 | AG19: =B19+AG18 -> 0.10343991
A20: =Data!A17 -> 37834 | B20: =Data!B17 -> 0.020415824 | C20: =Data!C17 -> 0.0086189234 | D20: =Data!F17 -> 0.0066266254 | E20: =Data!G17 -> 0.0078013613 | F20: =Data!H17 -> -0.014084042 | G20: =Data!I17 -> 0.01714618 | I20: =IF(C20>0,-1,1) -> -1 | J20: =IF(C19>0,1,-1) -> 1 | L20: =IF(I20=1,D20,0) -> 0 | M20: =IF(I20=-1,-D20,0) -> -0.0066266254 | N20: =IF(I20=1,-E20,0) -> 0 | O20: =IF(I20=-1,E20,0) -> 0.0078013613 | Q20: =IF(J20=1,F20,0) -> -0.014084042 | S20: =IF(J20=1,-G20,0) -> -0.01714618 | T20: =IF(J20=-1,G20,0) -> 0 | V20: =L20+V19 -> 0.016048769 | X20: =N20+X19 -> -0.039599712 | Y20: =O20+Y19 -> 0.047598354 | AA20: =Q20+AA19 -> 0.036215164 | AB20: =R20+AB19 -> 0 | AC20: =S20+AC19 -> -0.032522056 | AD20: =T20+AD19 -> -0.018316961 | AF20: =SUM(L20:T20)+AF19 -> 0.16159042 | AG20: =B20+AG19 -> 0.12385574
A21: =Data!A18 -> 37865 | B21: =Data!B18 -> -0.010966089 | C21: =Data!C18 -> -0.0051631716 | D21: =Data!F18 -> -0.025680352 | E21: =Data!G18 -> 0.037771206 | F21: =Data!H18 -> 0.021841665 | G21: =Data!I18 -> -0.00093762191 | I21: =IF(C21>0,-1,1) -> 1 | J21: =IF(C20>0,1,-1) -> 1 | L21: =IF(I21=1,D21,0) -> -0.025680352 | M21: =IF(I21=-1,-D21,0) -> 0 | N21: =IF(I21=1,-E21,0) -> -0.037771206 | O21: =IF(I21=-1,E21,0) -> 0 | Q21: =IF(J21=1,F21,0) -> 0.021841665 | S21: =IF(J21=1,-G21,0) -> 0.00093762191 | T21: =IF(J21=-1,G21,0) -> 0 | V21: =L21+V20 -> -0.0096315836 | X21: =N21+X20 -> -0.077370918 | Y21: =O21+Y20 -> 0.047598354 | AA21: =Q21+AA20 -> 0.058056829 | AB21: =R21+AB20 -> 0 | AC21: =S21+AC20 -> -0.031584434 | AD21: =T21+AD20 -> -0.018316961 | AF21: =SUM(L21:T21)+AF20 -> 0.12091815 | AG21: =B21+AG20 -> 0.11288965
A22: =Data!A19 -> 37895 | B22: =Data!B19 -> 0.05214414 | C22: =Data!C19 -> 0.091258811 | D22: =Data!F19 -> 0.0041874735 | E22: =Data!G19 -> 0.012520683 | F22: =Data!H19 -> 0.042218119 | G22: =Data!I19 -> -0.036904122 | I22: =IF(C22>0,-1,1) -> -1 | J22: =IF(C21>0,1,-1) -> -1 | L22: =IF(I22=1,D22,0) -> 0 | M22: =IF(I22=-1,-D22,0) -> -0.0041874735 | N22: =IF(I22=1,-E22,0) -> 0 | O22: =IF(I22=-1,E22,0) -> 0.012520683 | Q22: =IF(J22=1,F22,0) -> 0 | S22: =IF(J22=1,-G22,0) -> 0 | T22: =IF(J22=-1,G22,0) -> -0.036904122 | V22: =L22+V21 -> -0.0096315836 | X22: =N22+X21 -> -0.077370918 | Y22: =O22+Y21 -> 0.060119037 | AA22: =Q22+AA21 -> 0.058056829 | AB22: =R22+AB21 -> 0 | AC22: =S22+AC21 -> -0.031584434 | AD22: =T22+AD21 -> -0.055221083 | AF22: =SUM(L22:T22)+AF21 -> 0.092347241 | AG22: =B22+AG21 -> 0.16503379
... A284: =Data!A281 -> 45870 | B284: =Data!B281 -> 0.0094946639 | C284: =Data!C281 -> 0.0066001118 | D284: =Data!F281 -> 0 | E284: =Data!G281 -> 0 | F284: =Data!H281 -> 0.0002688901 | G284: =Data!I281 -> 0.012406994 | I284: =IF(C284>0,-1,1) -> -1 | J284: =IF(C283>0,1,-1) -> 1 | L284: =IF(I284=1,D284,0) -> 0 | M284: =IF(I284=-1,-D284,0) -> 0 | N284: =IF(I284=1,-E284,0) -> 0 | O284: =IF(I284=-1,E284,0) -> 0 | Q284: =IF(J284=1,F284,0) -> 0.0002688901 | S284: =IF(J284=1,-G284,0) -> -0.012406994 | T284: =IF(J284=-1,G284,0) -> 0 | V284: =L284+V283 -> 0.8843386 | X284: =N284+X283 -> -0.32601459 | Y284: =O284+Y283 -> 0.91288547 | AA284: =Q284+AA283 -> 0.92022989 | AB284: =R284+AB283 -> 0 | AC284: =S284+AC283 -> 1.0580779 | AD284: =T284+AD283 -> 0.22342446 | AF284: =SUM(L284:T284)+AF283 -> 3.8019346 | AG284: =B284+AG283 -> 2.3727802

Sheet Data
B2: SPY as comparison | C2: Our variables | F2: Will be used for testing the system later
A3: Row Labels | B3: Sum of SPY Ret | C3: Sum of SPY - TLT First 15 Days | D3: Sum of SPY-TLT Last 5 Days | E3: Sum of SPY-TLT First 5 Days | F3: Sum of SPY Last 5 Days | G3: Sum of TLT Last 5 Days | H3: Sum of SPY First 5 Days | I3: Sum of TLT First 5 Days
A4: 37438 | B4: 0.0024166437 | C4: 0 | D4: -0.0098974697 | E4: 0 | F4: 0.0024166437 | G4: 0.012314113 | H4: 0 | I4: 0
A5: 37469 | B5: 0.0067786154 | C5: 0.010151053 | D5: -0.057037425 | E5: -0.048219486 | F5: -0.042345772 | G5: 0.014691653 | H5: -0.034143513 | I5: 0.014075973
A6: 37500 | B6: -0.11076677 | C6: -0.12654671 | D6: -0.025930127 | E6: -0.019438738 | F6: -0.022605264 | G6: 0.0033248631 | H6: -0.012278931 | I6: 0.007159807
A7: 37530 | B7: 0.079072556 | C7: 0.16075989 | D7: -0.04404365 | E7: -0.028644999 | F7: -0.018468757 | G7: 0.025574893 | H7: -0.033063529 | I7: -0.0044185293
A8: 37561 | B8: 0.059854093 | C8: 0.063586581 | D8: 0.0054711739 | E8: 0.0090313799 | F8: -0.0011693547 | G8: -0.0066405285 | H8: 0.02499082 | I8: 0.01595944
A9: 37591 | B9: -0.058232529 | C9: -0.064204942 | D9: -0.038288574 | E9: -0.032745858 | F9: -0.019751413 | G9: 0.018537161 | H9: -0.020967368 | I9: 0.01177849
A10: 37622 | B10: -0.024902966 | C10: 0.018151719 | D10: -0.037278916 | E10: 0.053189169 | F10: -0.030328306 | G10: 0.0069506101 | H10: 0.035188718 | I10: -0.018000451
A11: 37653 | B11: -0.013570614 | C11: -0.037582426 | D11: -0.00649195 | E11: -0.038740285 | F11: 0.013040803 | G11: 0.019532753 | H11: -0.031156083 | I11: 0.0075842027
A12: 37681 | B12: 0.0021372549 | C12: 0.10501108 | D12: -0.089133086 | E12: -0.023546252 | F12: -0.056549706 | G12: 0.032583379 | H12: -0.018785635 | I12: 0.0047606175
A13: 37712 | B13: 0.081223226 | C13: 0.083760679 | D13: -0.012966557 | E13: 0.05738566 | F13: 0.00622148 | G13: 0.019188037 | H13: 0.038317598 | I13: -0.019068062
A14: 37742 | B14: 0.053384246 | C14: -0.055054603 | D14: 0.047159708 | E14: 0.0015463897 | F14: 0.045364642 | G14: -0.0017950654 | H14: 0.015973428 | I14: 0.014427038
A15: 37773 | B15: 0.010596064 | C15: 0.033775056 | D15: -0.0049462121 | E15: 0.024206819 | F15: -0.018369473 | G15: -0.013423261 | H15: 0.023548222 | I15: -0.00065859765
... A281: 45870 | B281: 0.0094946639 | C281: 0.0066001118 | D281: 0 | E281: -0.012138104 | F281: 0 | G281: 0 | H281: 0.0002688901 | I281: 0.012406994
A282: Grand Total | B282: 2.3751968 | C282: 2.0242723 | D282: -0.49345186 | E282: 1.6182604 | F282: 0.75776232 | G282: 1.2512142 | H282: 0.79768297 | I282: -0.82057745

Sheet Python Script for getting data
C5: python script for grabbing data:
D7: import yfinance as yf | M7: # Get the yfinance module: if you don't have this you can always do pip install -U yfinance
D9: data_yf = yf.Tickers(['SPY', 'TLT']).download(period="max", auto_adjust=True) | M9: # Download the SPY and TLT data, and make sure that prices are adjusted for dividends
D11: data = ( | M11: # a bit of data manipulation to get the result in a table of Date, Close SPY, Close TLT
E12: data_yf | M12: # the way this is written is as a chain of methods that each manipulates the result
E13: .dropna() | M13: # of the step before. This is standard idiomatic expression for pandas
E14: .stack(1, future_stack=True) | M14: # and the cleanest way of displaying / reading and fast processing
E15: .reset_index() | M15: # the initial dropna() is to force all tickers to start on the same date
E16: .pivot(index='Date', columns='Tickers', values=['Close'])
E17: .to_clipboard(excel=True) | M17: # stack changes the format from wide (where each ticker has it's own data column) to long, where
D18: ) | M18: # the data columns are Date / Ticker / Open / High / Low / Close / Volume
M19: # so that each date will have N observations (N=2 in this case) where N is the number of tickers downloaded
M21: # we then pivot keeping the Date as an index and selecting the columns as the tickers and only retaining the Close
M23: # final command copies to windows clipboard so we can paste into a spreadsheet
